{
  "description": "项目配置文件。",
  "setting": {
    "urlCheck": false,
    "es6": true,
    "postcss": true,
    "minified": true,
    "newFeature": true,
    "babelSetting": {
      "ignore": [],
      "disablePlugins": [],
      "outputPath": ""
    }
  },
  "compileType": "game",
  "libVersion": "2.20.1",
  "appid": "wx68998c0ba9869c89",
  "projectname": "quickstart",
  "condition": {},
  "packOptions": {
    "ignore": [],
    "include": []
  },
  "editorSetting": {
    "tabIndent": "insertSpaces",
    "tabSize": 2
  }
}